Nombre,Dirección,Email,Teléfono,Localidad,Provincia,Latitud,Longitud,Barrio
"Dra. Malo, María Marcela",Lavoisier 3032 1°,marcelamalo@hotmail.com.ar,15-2332-9864,Ciudad de Buenos Aires,Ciudad de Buenos Aires,-34.57341003417969,-58.49797821044922,Villa Pueyrredón - Villa Urquiza
"Dr. Nemirovsky, Alfredo",Cabello 3222 1°,,15-5157-9544,Ciudad de Buenos Aires,Ciudad de Buenos Aires,-34.58202362060547,-58.40707778930664,Palermo
"Dra. Ovando, María Gabriela",Morelos 92 P.B.,gasser03@hotmail.com,(011) 4633-3691 15-7362-4880,Ciudad de Buenos Aires,Ciudad de Buenos Aires,-34.624263763427734,-58.45344161987305,Caballito - Parque Chacabuco
"Dra. Ovando, María Gabriela","Av. Rivadavia 4331 2° ""B""",enfant.rehabilitacion20@gmail.com,15-7362-4880,Ciudad de Buenos Aires,Ciudad de Buenos Aires,-34.613887786865234,-58.426639556884766,Boedo - Almagro - Congreso - San Cristóbal
"Dra. Migueres, Mariel Cecilia","Echeverría 5246 4° ""20""",mmigueres@hotmail.com,(011) 2050-7059 15-5577-0812,Ciudad de Buenos Aires,Ciudad de Buenos Aires,-34.580284118652344,-58.483299255371094,Villa Pueyrredón - Villa Urquiza
"Dra. Jorrat, María Cristina","Yerbal 2431 3° ""A""",castijor@aol.com,(011) 4611-4095 15-4917-5178,Ciudad de Buenos Aires,Ciudad de Buenos Aires,-34.62772750854492,-58.46344757080078,Flores - Floresta
"Dr. Garrote, Norberto Ricardo",Av. Honorio Pueyrredón 843 1°,ngarrote@intramed.net,(011) 4437-4308,Ciudad de Buenos Aires,Ciudad de Buenos Aires,-34.610477447509766,-58.443138122558594,Caballito - Parque Chacabuco
"Dr. Schinder, Sergio Daniel","Gascón 826 1° ""C""",sergioschinder@yahoo.com.ar,15-6780-2514,Ciudad de Buenos Aires,Ciudad de Buenos Aires,-34.60129928588867,-58.42403793334961,Boedo - Almagro - Congreso - San Cristóbal
"Dra. Merlo, Iris Gladys","Moldes 1680 4° ""A""",merlo.iris@gmail.com,(011) 4787-4263,Ciudad de Buenos Aires,Ciudad de Buenos Aires,-34.56743240356445,-58.45635223388672,Belgrano - Colegiales
"Dra. D'Angiolillo, Lidia","Av. Medrano 1970 7° ""C""",lidian_@hotmail.com,(011) 4825-5098,Ciudad de Buenos Aires,Ciudad de Buenos Aires,-34.58913040161133,-58.4162483215332,Palermo
"Dr. Moyano Walker, José María","Ruiz Huidobro 1935 P.B. ""1""",jmoyanowalker@gmail.com,15-6744-9210,Ciudad de Buenos Aires,Ciudad de Buenos Aires,-34.54199981689453,-58.46710968017578,Saavedra - Núñez - Coghlan
"Dra. Horowitz, Silvia Marta","Ituzaingó 945 3° ""A""",silviahorowitz@yahoo.com.ar,15-5412-9411,Ciudad de Buenos Aires,Ciudad de Buenos Aires,-34.63239669799805,-58.37700653076172,Constitución - Boca - Barracas - San Telmo
"Dra. Horowitz, Silvia Marta",Uspallata 896 2°,silviahorowitz@yahoo.com.ar,15-5412-9411,Ciudad de Buenos Aires,Ciudad de Buenos Aires,-34.63338088989258,-58.37572479248047,Constitución - Boca - Barracas - San Telmo
"Dra. Queiroz Gaier, Julisa","Juramento 1805 4° ""B""",julisaqueiroz@yahoo.com.ar,15-3914-1379 (Solo WhatsApp),Ciudad de Buenos Aires,Ciudad de Buenos Aires,-34.55859375,-58.45139694213867,Belgrano - Colegiales
"Dra. Alalu, Victoria","Montañeses 2664 3° ""304""",victoriaalalu@gmail.com,(011) 4780-0613 15-5180-5878,Ciudad de Buenos Aires,Ciudad de Buenos Aires,-34.552242279052734,-58.45353698730469,Belgrano - Colegiales
"Dr. Gunsberg, Carlos Alberto","Av. Olazábal 5187 3° ""C""",cagunsberg@yahoo.com.ar,15-3472-8728 (Solo WhatsApp),Ciudad de Buenos Aires,Ciudad de Buenos Aires,-34.57684326171875,-58.48679733276367,Villa Pueyrredón - Villa Urquiza
"Dra. Batkis, Mónica","Av. Córdoba 1504 4° ""A""",monicayogapilates@gmail.com,15-3574-8947,Ciudad de Buenos Aires,Ciudad de Buenos Aires,-34.599517822265625,-58.38837432861328,Centro - Retiro - Monserrat - Puerto Madero
"Dr. García Bo, Carlos","Av. Cerviño 3664 4° ""B""",cgarciabo@yahoo.com.ar,15-5603-0742 (Solo WhatsApp),Ciudad de Buenos Aires,Ciudad de Buenos Aires,-34.57962417602539,-58.41093826293945,Palermo
"Dr. Neuburger, Roberto","Virrey Olaguer y Feliú 2690 P.B. ""1""",rneuburger@intramed.net,15-6477-7980 (Solo WhatsApp),Ciudad de Buenos Aires,Ciudad de Buenos Aires,-34.56902313232422,-58.453792572021484,Belgrano - Colegiales
"Dr. Gros, Adrián","Lambaré 978 P.B. ""B""",socrates1953@hotmail.com,15-3185-2316,Ciudad de Buenos Aires,Ciudad de Buenos Aires,-34.602657318115234,-58.43035125732422,Boedo - Almagro - Congreso - San Cristóbal
"Dra. Nohra, Celeste",Pareja 3420,NOHRCEL@YAHOO.COM.AR,15-5840-2182,Ciudad de Buenos Aires,Ciudad de Buenos Aires,-34.59428405761719,-58.505470275878906,Villa Devoto - Villa Real - Monte Castro
"Dra. Ladeuix, Jesica Denise",Moldes 3515,jesicadl@gmail.com,15-5955-8047,Ciudad de Buenos Aires,Ciudad de Buenos Aires,-34.55126953125,-58.47031784057617,Saavedra - Núñez - Coghlan
"Dra. Minckas, Viviana","Beruti 3445 1° ""D""",viviminckas@gmail.com,(011) 4826-6112,Ciudad de Buenos Aires,Ciudad de Buenos Aires,-34.586124420166016,-58.411170959472656,Palermo
"Dra. Habib, Celina Haydée Catalina",Bermúdez 1059,celinahabib@yahoo.com.ar,,Ciudad de Buenos Aires,Ciudad de Buenos Aires,-34.627567291259766,-58.4984245300293,Liniers - Versailles - Villa Luro - Vélez Sarsfield
"Dra. Reingold, Mónica Andrea","Eleodoro Lobos 603 3° ""B""",monicareingold@gmail.com,15-4565-5294,Ciudad de Buenos Aires,Ciudad de Buenos Aires,-34.61069107055664,-58.43659210205078,Caballito - Parque Chacabuco
"Dra. Bonari, Elisa Micaela","Soldado de la Independencia 1338 7° ""C""",micabonari@hotmail.com,(011) 4786-0329,Ciudad de Buenos Aires,Ciudad de Buenos Aires,-34.56357955932617,-58.44131851196289,Palermo
"Dr. Alter, Alejandro","Av. Federico Lacroze 2252 1° ""A""",alejandroalter@intramed.net,(011) 4770-9160 15-6395-3823 (Solo WhatsApp),Ciudad de Buenos Aires,Ciudad de Buenos Aires,-34.56837463378906,-58.443416595458984,Palermo
"Dra. Elias, María José","Av. R. Scalabrini Ortiz 2394 2° ""B""",maria.jose.elias22@gmail.com,(011) 4833-3449 15-5886-2939,Ciudad de Buenos Aires,Ciudad de Buenos Aires,-34.58603286743164,-58.41770553588867,Palermo
"Dra. Martínez, María Eugenia","Helguera 2691 P.B. ""B""",ejq5555@gmail.com,15-6330-1237 (Solo WhatsApp),Ciudad de Buenos Aires,Ciudad de Buenos Aires,-34.60395050048828,-58.49100112915039,V.del Parque - Agronomía - La Paternal -V.Santa Rita-V.Mitre
"Dra. Cicare, Laura Susana",San Martín 492 5°,lacicare@gmail.com,(011) 4394-5703 15-6817-2548,Ciudad de Buenos Aires,Ciudad de Buenos Aires,-34.602298736572266,-58.374229431152344,Centro - Retiro - Monserrat - Puerto Madero
"Dra. Elizalde, Roxana",Atención virtual exclusivamente,roxanamelizalde@gmail.com,15-2289-4655,Ciudad de Buenos Aires,Ciudad de Buenos Aires,-34.604957580566406,-58.49283218383789,Flores - Floresta
"Dra. Bonfante de Fernández, Edith",Mercedes 3477 1°,eprbonfante@gmail.com,(011) 4501-1915,Ciudad de Buenos Aires,Ciudad de Buenos Aires,-34.60357666015625,-58.5093994140625,Villa Devoto - Villa Real - Monte Castro
"Dr. Barvosa, Gabriel Christian","Av. Rivadavia 7047 2° ""D""",gcbarvosa@gmail.com,15-5964-3666,Ciudad de Buenos Aires,Ciudad de Buenos Aires,-34.6294059753418,-58.46458435058594,Flores - Floresta
"Dr. Norverto, Gonzalo Matías","Juramento 1957 1° ""A""",gnorverto@gmail.com,15-3042-2546,Ciudad de Buenos Aires,Ciudad de Buenos Aires,-34.55941390991211,-58.45276641845703,Belgrano - Colegiales
"Dra. De Petre, Edith Eleonora","Vuelta de Obligado 3810 2° ""A""",eledepetre@hotmail.com.ar,(011) 4791-1802,Ciudad de Buenos Aires,Ciudad de Buenos Aires,-34.546661376953125,-58.46848678588867,Saavedra - Núñez - Coghlan
"Dr. Buchovsky, Santiago",Peña 2108 P.B.,santiagobuchovsky@hotmail.com,(011) 4801-5133 15-4399-2299,Ciudad de Buenos Aires,Ciudad de Buenos Aires,-34.59186935424805,-58.39631271362305,Recoleta
"Dr. Barredo, Horacio Alberto","Marcelo T. de Alvear 2442 2° ""10""",hbarredo@arnet.com.ar,(011) 4964-9553,Ciudad de Buenos Aires,Ciudad de Buenos Aires,-34.59623718261719,-58.402320861816406,Recoleta
"Dra. Aspitarte, Adriana","Av. Martín García 842 8° ""A""",draaspitarte@gmail.com,15-5494-2486 (Solo WhatsApp),Ciudad de Buenos Aires,Ciudad de Buenos Aires,-34.634033203125,-58.3748664855957,Constitución - Boca - Barracas - San Telmo
"Dra. Unias, Candela Paola","Av. Del Puerto 215 ""715""",cunias@intramed.net,15-5622-6835,Nordelta,Buenos Aires,-34.397483825683594,-58.64892578125,Tigre - San Fernando - Nordelta - Rincón de Milberg
"Dra. De Petre, Edith Eleonora",Miguel de Azcuénaga 824,eledepetre@hotmail.com.ar,(011) 4791-1802,Vicente López,Buenos Aires,-34.52688217163086,-58.47190856933594,Olivos - Vicente López
"Dra. Trevizan, Elenita","Av. Maipú 3030 1° ""A""",elentrevi@yahoo.com.ar,15-6354-5051,Olivos,Buenos Aires,-34.50816345214844,-58.492042541503906,Olivos - Vicente López
"Dra. Barberi, Mariana Elizabeth","Virrey Vértiz 2161 1° ""B""",barberimariana@hotmail.com,15-2293-3412,Villa Adelina,Buenos Aires,-34.522796630859375,-58.545127868652344,Boulogne - Carapachay - Villa Adelina - La Horqueta
"Dra. Passerini, María Magdalena","Córdoba 2647 1° ""D""",magdapasserini@gmail.com,15-4420-8799,Olivos,Buenos Aires,-34.5106201171875,-58.489044189453125,Olivos - Vicente López
"Dra. Brancciforte , Liliana Mabel",Velázquez 1635,lilianabrancciforte@yahoo.com.ar,(011) 4667-3491 15-5333-4159,Los Polvorines,Buenos Aires,-34.52549362182617,-58.70293426513672,Hurlingham-B.Vista-Muñiz-San Miguel-J.C.Paz-Los Polvorines
"Dra. Cassese, Stella Maris","Bonifacini 1839 2° ""A""",stellacassese@gmail.com,(011) 4703-5172,San Martín,Buenos Aires,-34.57819747924805,-58.53383255004883,San Martín-San Andrés-Villa Lynch-Villa Maipú-Villa Zagala
"Dra. Barberis, Andrea Martha","Juan B. Alberdi 4735 2° ""E""",andreabarberisabbione@gmail.com,15-4472-5194,Caseros,Buenos Aires,-34.6034049987793,-58.56229782104492,Caseros -S.Peña -S.Lugares -P.Podestá -V.Bosch -M.Coronado
"Dra. Gutscher, Elina Irene","Pueyrredón 3534 2° ""6""",egutscher66@gmail.com,15-6733-4300,San Martín,Buenos Aires,-34.573978424072266,-58.538185119628906,San Martín-San Andrés-Villa Lynch-Villa Maipú-Villa Zagala
"Dra. Jorrat, María Cristina","Ardoino 140 2° ""E""",castijor@aol.com,(011) 4611-4095 15-4917-5178,Ramos Mejía,Buenos Aires,-34.63995361328125,-58.56245803833008,Ciudadela - Ramos Mejía - José Ingenieros
"Dra. Martínez, Virginia Germana","Alsina 155 11° ""G""",virginiagermana@yahoo.com.ar,15-4029-6747,Ramos Mejía,Buenos Aires,-34.64281463623047,-58.56599426269531,Ciudadela - Ramos Mejía - José Ingenieros
"Dra. Mansilla, Carmen Susana","Carlos Pellegrini 150 2° ""C""",mansilla.susana@hotmail.com,15-4470-6940,Lomas de Zamora,Buenos Aires,-34.75910186767578,-58.39796829223633,Banfield - Temperley - San José-Lomas de Zamora - Ing. Budge
"Dra. Russo, Betiana Marine","2 de Mayo 2420 1° ""B""",betyrusso@yahoo.com.ar,(011) 2057-3371,Lanús Oeste,Buenos Aires,-34.69955062866211,-58.39706039428711,V. Alsina - Gerli - Monte Chingolo - R. de Escalada - Lanús
"Dra. Costa, Carolina","Moreno 346 1° ""1""",gestiones.admsalud@gmail.com,15-6892-7331 (Solo WhatsApp),Quilmes Este,Buenos Aires,-34.718624114990234,-58.26078414916992,Quilmes - Ezpeleta
"Dra. Costa, Carolina",Conesa 238 9°,gestiones.admsalud@gmail.com,15-6892-7331 (Solo WhatsApp),Quilmes Este,Buenos Aires,-34.717857360839844,-58.25920867919922,Quilmes - Ezpeleta
"Dra. Paroni, Alicia",Av. 7 e/ 62 y 63 N° 1465,,(0221) 15-419-8248 De 9 a 17 hs. sólo mensajes escritos.,La Plata,Buenos Aires,-34.92255783081055,-57.93906784057617,La Plata
"Dra. Salama, Linda Silvina",Bv. Almafuerte 40,,(0336) 44-23204,San Nicolás,Buenos Aires,-33.33282470703125,-60.21756362915039,San Nicolás
"Dra. Martinez, Graciela Liliana",Sanchez de Bustamante 2090,,(03329) 48-1130 (03329) 15-606307 solo WhatsApp,Baradero,Buenos Aires,-33.79666519165039,-59.52083206176758,Baradero
"Dra. Sotolongo, Martha Beatriz",Hillcoatt 341,,(02337) 45-2100,América,Buenos Aires,-35.492286682128906,-62.98497772216797,América
"Dra. Sotolongo, Martha Beatriz",Moreno 266,,(02392) 50-1535,América,Buenos Aires,-35.48942184448242,-62.97760009765625,América
"Dra. Campot, María Julia",Pueyrredón 470,,(02244) 45-2031,Las Flores,Buenos Aires,-36.01835632324219,-59.0981559753418,Las Flores
"Dra. Gutierrez, Silvina Raquel","Calle 42 N° 831 1° ""10""",,(0221) 15-641-9144,La Plata,Buenos Aires,-34.91317367553711,-57.962154388427734,La Plata
"Dra. Cristiani, María Clara",Rawson 2754,,(0223) 495-8421,Mar del Plata,Buenos Aires,-38.00669860839844,-57.5548210144043,Mar del Plata y alrededores
"Dra. Novo, Anabela",Calle 16 N° 729,,(02324) 60-2289,Mercedes,Buenos Aires,-34.653717041015625,-59.43345260620117,Mercedes
"Dra. Melendez, María Jimena",Alberti 3399,,(0223) 15-439-7278,Mar del Plata,Buenos Aires,-38.002464294433594,-57.560848236083984,Mar del Plata y alrededores
Lic. Gelatti Rocio Sol,Garay 882,,(054) 0291-15710756,Cnel. Pringles,Buenos Aires,-37.983585357666016,-61.355743408203125,Cnel. Pringles y alrededores
"Dra. Carmelino, Marcela",República Libanesa 275,,(0236) 432-4542,Junín,Buenos Aires,-34.57869338989258,-60.949806213378906,Junín y alrededores
"Dra. Iparraguirre, Maria Verónica",Int. Solana 54,,(0236) 442-2876,Junín,Buenos Aires,-34.592533111572266,-60.93973159790039,Junín y alrededores
"Dra. Folini, Laura",San Nicolás 1427,,(02477) 15-65-9512,Pergamino,Buenos Aires,-33.90107345581055,-60.577606201171875,Pergamino
"Dra. Folini, Laura",Calle 21 N° 608,,(02477) 15-65-9512,Colón,Buenos Aires,-33.89094924926758,-61.099220275878906,Colón
Hospital Zonal de Agudos Zárate,Félix Págola y Paso,,(03487)42-2300,Zárate,Buenos Aires,-34.083709716796875,-59.0339241027832,Zárate
"Dr. Zini, Nahuel Jose",Mitre 889,,(011) 15-64666386,Pergamino,Buenos Aires,-33.89313888549805,-60.57728576660156,Pergamino
Dr. Dortignac Fernando Gabriel,Av. Lavalle 95,,(0362) 442-4269,Resistencia,Chaco,-27.4439754486084,-58.980098724365234,Resistencia
"Dra. Regnando, Marcela",María Humpreys N° 123,,(0280) 436-3077,Puerto Madryn,Chubut,-42.782283782958984,-65.02122497558594,Puerto Madryn
"Dra. Regnando, Marcela",Pje. Santiago del Estero N° 216,,,Trelew,Chubut,-43.24577713012695,-65.30622863769531,Trelew
"Dra. Regnando, Marcela",San Martín 882,,(0280) 442-6017,Trelew,Chubut,-43.25645065307617,-65.3174819946289,Trelew
"Dra. Regnando, Marcela",Mitre 651,,(0280) 447-2548,Puerto Madryn,Chubut,-42.77114486694336,-65.0334701538086,Puerto Madryn
"Dra. Regnando, Marcela",Sarmiento 670,,(0297) 444-4448 (0297) 444-3671,Comodoro Rivadavia,Chubut,-45.86012649536133,-67.48412322998047,Comodoro Rivadavia
"Dra. Regnando, Marcela",Av. Rivadavia 1350,,(0297) 446-0215 (0297) 446-2785,Comodoro Rivadavia,Chubut,-45.8625602722168,-67.49469757080078,Comodoro Rivadavia
"Dra. Regnando, Marcela",Atención virtual (turnos solo por mail) 0,recetas.promed@gmail.com,,Comodoro Rivadavia,Chubut,Latitud no disponible,Longitud no disponible,Comodoro Rivadavia
"Dra. Durán, María Belén","Nicolás Avellaneda 347 PB ""C""",beliduran93@hotmail.com,(0351) 157-718651,Córdoba Capital,Córdoba,-31.408430099487305,-64.19461059570312,Córdoba Capital
"Dra. Haddad, Viviana Verónica","Obispo Trejo 417 12° ""B""",vero_haddad@hotmail.com,(0351) 152-316250,Córdoba Capital,Córdoba,-31.420705795288086,-64.18758392333984,Córdoba Capital
"Dra. Felissia, Laura Celsa",Alberdi 297,,(03564) 42-1034 (03564) 4064148,San Francisco,Córdoba,-31.426679611206055,-62.085567474365234,San Francisco y alrededores
Dra. Aranda Rosana,Jujuy 1344,,(0353)461-0377,Villa María,Córdoba,-32.40408706665039,-63.2458381652832,Villa María
Dra. Bolgan María Soledad,Belgrano 573,,(03472)45-6512,Marcos Juárez,Córdoba,-32.69623565673828,-62.09931564331055,Marcos Juárez
"Dra. Saavedra Piorno, Andrea Magdalena",Av. Valparaíso 2887,amsaavedrapiorno@gmail.com,(0351) 155-284697,Córdoba Capital,Córdoba,-31.44540023803711,-64.18692016601562,Córdoba Capital
"Dr. Alonso, Javier Alberto",Dante Alighieri 1481,,(03564) 426-287,San Francisco,Córdoba,-31.433122634887695,-62.08346939086914,San Francisco y alrededores
"Dr. Mercado, Luis Carlos","Santa Fe 133 1° ""A""",mercadoluisc@gmail.com,(0351) 157-186933,Córdoba Capital,Córdoba,-31.409311294555664,-64.20097351074219,Córdoba Capital
Fundación Almenara,Urquiza 358 3°,centroalmenara@gmail.com,(0351) 425-0354/ 08104442242,Córdoba Capital,Córdoba,-31.40862274169922,-64.19334411621094,Córdoba Capital
"Dra. Lovecchio, Susana Teresa",Figuero Alcorta 163 12° B° Centro,sulovecchio@hotmail.com,(0351) 155-221344,Córdoba Capital,Córdoba,-31.41179084777832,-64.19115447998047,Córdoba Capital
"Dra. Renaudo, Mariana",Guatemala 150,,(0358)462-5796,Río Cuarto,Córdoba,-33.09446334838867,-64.32147216796875,Río Cuarto y alrededores
"Dra. Renaudo, Mariana",Alvear 154,,(0358)154342184,Río Cuarto,Córdoba,-33.11819076538086,-64.34876251220703,Río Cuarto y alrededores
"Dra. Clausi, Alejandra Mariela",Carlos Pellegrini 1358,,(0379) 15-494-6382 Solo Whatsapp,Corrientes,Corrientes,-27.465526580810547,-58.83480453491211,Corrientes Capital y alrededores
Inst. de Neurocognitivo y Reahb. Cerebro,San Juan 595,,(0379) 15-507-4609,Corrientes,Corrientes,-27.464168548583984,-58.836647033691406,Corrientes Capital y alrededores
Dra. Vacaflores Valeria,Coronel Dàvila 791,,0388-155121111,San Salvador de Jujuy,Jujuy,-24.18504524230957,-65.31874084472656,San Salvador de Jujuy
"Dra. Torres Leon, Maria Luisa",Fantini 893,,(0264) 155609674,Santa Rosa,La Pampa,-36.626564025878906,-64.29088592529297,Santa Rosa
"Dra. Telleria, Mildre",Calle 18 Norte N° 76,,(02302)33-4166,Gral. Pico,La Pampa,-35.6544189453125,-63.76142501831055,Gral. Pico
"Dra. Aguilar, Maria Pilar",Belgrano 433,,(0351) 15-3733-123 Solo WhatsApp,La Rioja,La Rioja,-29.40827178955078,-66.85847473144531,La Rioja Capital y alrededores
Dr. Guajardo Ramiro,Sgto. Cabral 285,,(0261)423-2688,Ciudad de Mendoza,Mendoza,-32.89330291748047,-68.85599517822266,Ciudad de Mendoza
Clínica del Prado,"Sobremonte 335 P.B. ""3""",,(0261) 154769077 Turnos: Op. 1 y 2 (0261) 152547389 Urg. / Internaciones,Ciudad de Mendoza,Mendoza,-32.89569854736328,-68.8574447631836,Ciudad de Mendoza
Clínica del Prado,Pedro B. Palacios N° 944,,(0261) 154769077 Turnos: Op. 1 y 2 (0261) 152547389 Urg. / Internaciones,Ciudad de Mendoza,Mendoza,-32.89396667480469,-68.83222961425781,Ciudad de Mendoza
Dr. Silvestre Leandro Fabián,Olascoaga 1245,,(0261) 157517723,Ciudad de Mendoza,Mendoza,-32.88665771484375,-68.85269165039062,Ciudad de Mendoza
Lic. Montenegro Lucía Belen,De La Maza 276,,(0261)15538-2239,Villa Nueva,Mendoza,-32.90439224243164,-68.80155944824219,Departamento Guaymallén
"Dra. Moya, Bibiana Beatriz",Tierra del Fuego 7664,,(0261) 424-1979 (0261) 461-4777 0261-155713371,Luján de Cuyo,Mendoza,-32.96427536010742,-68.84741973876953,Departamento Luján
"Dra. Moya, Bibiana Beatriz",San Martín 1831,,(0261) 424-1979 (0261) 461-4777 0261-155713371,Godoy Cruz,Mendoza,-32.90599822998047,-68.84317016601562,Departamento Godoy Cruz
Dra. Wilke Nélida,Hungría 2957,,(0376) 15-458-1375,Posadas,Misiones,-27.37876319885254,-55.89400100708008,Posadas
"Dr. Segura, Eduardo Román","Av. Mitre 2235 1° ""A""",,(0376) 15-436-8960,Posadas,Misiones,-27.373889923095703,-55.89919662475586,Posadas
Centro Norpatagónico Salud Mental,Hungría 3564,secretaria@centronorpatagonico.com.ar,(0299) 155057486,Neuquén,Neuquén,Latitud no disponible,Longitud no disponible,Ciudad de Neuquén
"Dra. Martinez, Cynthia Romina",Córdoba 436,,(0387) 421-7357 (0387) 15-271793,Salta Capital,Salta,-24.795501708984375,-65.40859985351562,Salta Capital
"Dr. Cazón, Ruben Leonardo",J.M. Leguizamón 930,,(0387)422-0813,Salta Capital,Salta,-24.783283233642578,-65.41535949707031,Salta Capital
"Dr. Almamlouk, Sharif Saleh Salem",Buenos Aires 256,,(0387) 15-4496763,Salta Capital,Salta,-24.793214797973633,-65.40980529785156,Salta Capital
"Dr. Almamlouk, Sharif Saleh Salem",San Luis 549,,(0387) 421-7501 (0387) 421-7502 (0387) 421-7503 (0387) 15-4496763,Salta Capital,Salta,-24.797264099121094,-65.4109115600586,Salta Capital
"Dr. Vila, Luis Ernesto",20 de Febrero 474,,(0387) 431-2999 (0387) 155-418923,Salta Capital,Salta,-24.783863067626953,-65.4131088256836,Salta Capital
"Dra. Moyano, Gabriela Betina",20 de Febrero 474,,(0387) 431-2999 (0387) 15-5028712 Whatsapp,Salta Capital,Salta,-24.783863067626953,-65.4131088256836,Salta Capital
"Dra. Albarracín, María Virginia",Los Paraísos 38 Barrio Tres Cerritos,,(0387)15509-4500,Salta Capital,Salta,-24.77446174621582,-65.39930725097656,Salta Capital
"Dra. Ferreyra, María Liliana",Ameghino 243,,(0387) 431-6858,Salta Capital,Salta,-24.777830123901367,-65.4051284790039,Salta Capital
Hospital Público Materno Infantil S.E.,Av. Sarmiento 1301,,0387-4325000 - 4325018,Salta Capital,Salta,-24.77320671081543,-65.4149169921875,Salta Capital
"Dr. Zapata, Rodolfo",Belgrano 46 (E),,(0264) 432-2422,San Juan Capital,San Juan,Latitud no disponible,Longitud no disponible,San Juan Capital y alrededores
"Dr. Yed, Diego Cayetano",Pedernera 1569,,(02657) 432018,Villa Mercedes,San Luis,-33.66437530517578,-65.46005249023438,Villa Mercedes y alrededores
"Dr. Yed, Diego Cayetano",San Vicente esq. El Chingolo s/n,,(0266) 4306658,Merlo,San Luis,-32.31969451904297,-65.01017761230469,Merlo
"Dra. Villafañe, Claudia Ines",Bernardino Rivadavia 177,claudiavillafane60@hotmail.com,02966-15-66-0807,Río Gallegos,Santa Cruz,-51.62173080444336,-69.21995544433594,Río Gallegos
"Dra. Villafañe, Claudia Ines",Urquiza 1152,claudiavillafane60@hotmail.com,02966-15-660807,Puerto San Julián,Santa Cruz,-49.30554962158203,-67.7298355102539,Puerto San Julián
"Dra. De Gaetano, Maria Pia","Alcorta 180 ""1""",,(0351) 15-248-2217,Río Gallegos,Santa Cruz,-51.62174987792969,-69.211669921875,Río Gallegos
"Dra. Perez Carletti, Rocio",Avellaneda 421,,(0385) 4224024 / 4228123 (0385)156173998,Santiago del Estero,Santiago del Estero,-27.78627586364746,-64.2563247680664,Santiago del Estero
"Dra. Lescano Farias, Marisel",Santa Fé (N) 20,,(0385) 155713317,La Banda,Santiago del Estero,-27.740816116333008,-64.25282287597656,La Banda
"Dra. Lescano Farias, Marisel",9 de Linea esq. 9 de Julio s/n,,(0385) 155713317 (03857) 15444053,Bandera,Santiago del Estero,-28.899999618530273,-62.266666412353516,Bandera
"Dra. Bravo Sirena, Elma Cristina",Absalon Rojas 916,,(0385) 4258888 / 4213710 / 4212358 (0385)156773333 (0385)154818139,Santiago del Estero,Santiago del Estero,-27.778491973876953,-64.26879119873047,Santiago del Estero
"Dra. Bravo Sirena, Elma Cristina",Atención Online s/n,,0385-154818139,Añatuya,Santiago del Estero,-28.46088409423828,-62.83474349975586,Añatuya
"Dra. Bravo Sirena, Elma Cristina",Atención Online s/n,,0385-154818139,Bandera,Santiago del Estero,-28.888729095458984,-62.26924514770508,Bandera
"Dra. Bravo Sirena, Elma Cristina",Atención Online s/n,,0385-154818139,Fernández,Santiago del Estero,-28.304445266723633,-64.17933654785156,Fernández
"Dra. Bravo Sirena, Elma Cristina",Atención Online s/n,,0385-154818139,Frías,Santiago del Estero,-28.637935638427734,-65.12825775146484,Frías
"Dra. Bravo Sirena, Elma Cristina",Atención Online s/n,,0385-154818139,Loreto,Santiago del Estero,-28.304445266723633,-64.17933654785156,Loreto
"Dra. Bravo Sirena, Elma Cristina",Atención Online s/n,,0385-154818139,Monte Quemado,Santiago del Estero,-25.807872772216797,-62.82539367675781,Monte Quemado
"Dra. Bravo Sirena, Elma Cristina",Atención Online s/n,,0385-154818139,Nueva Esperanza,Santiago del Estero,-26.20259666442871,-64.23909759521484,Nueva Esperanza
"Dra. Bravo Sirena, Elma Cristina",Atención Online s/n,,0385-154818139,Ojo De Agua,Santiago del Estero,-29.499435424804688,-63.697792053222656,Villa Ojo de Agua
"Dra. Bravo Sirena, Elma Cristina",Atención Online s/n,,0385-154818139,Pinto,Santiago del Estero,-29.145259857177734,-62.654945373535156,Pinto
"Dra. Bravo Sirena, Elma Cristina",Atención Online s/n,,0385-154818139,Quimili,Santiago del Estero,-27.633207321166992,-62.41011047363281,Quimili
"Dra. Bravo Sirena, Elma Cristina",Atención Online s/n,,0385-154818139,Selva,Santiago del Estero,-29.76692771911621,-62.046714782714844,Selva
"Dra. Bravo Sirena, Elma Cristina",Atención Online s/n,,0385-154818139,Sumampa,Santiago del Estero,-27.73592185974121,-64.24405670166016,Sumampa
"Dra. Bravo Sirena, Elma Cristina",Atención Online s/n,,0385-154818139,Termas de Río Hondo,Santiago del Estero,-27.50096893310547,-64.85814666748047,Termas de Río Hondo
"Dra. Bravo Sirena, Elma Cristina",Leandro N. Alem 564,,0385-154888980,Santiago del Estero,Santiago del Estero,-27.77939224243164,-64.26911926269531,Santiago del Estero
Dr. Barboza Raúl Rolando,Luis Py 906 1°,,2964-363232 2964-363231 (02964) 15559055 Whatsapp,Río Grande,Tierra del Fuego,-53.77893829345703,-67.69967651367188,Río Grande
Dr. Barboza Raúl Rolando,De la Estancia 1955,,2901-422635 2901-435704,Ushuaia,Tierra del Fuego,-54.829158782958984,-68.34745025634766,Ushuaia
"Dra. Grosvald, Abigail",Av. Aconquija 2032,abigros@hotmail.com,(0381)156904907-4254026,Yerba Buena,Tucumán,-26.812427520751953,-65.29951477050781,Yerba Buena
"Dr. De Gregorio, Tomas Rodrigo",Monteagudo 156,tomasrdegregorio@gmail.com,(0381) 6381814 (0381) 5421964,San Miguel de Tucumán,Tucumán,-26.8297119140625,-65.19985961914062,San Miguel de Tucumán
"Dr. De Gregorio, Tomas Rodrigo",Av Aconquija 670,tomasrdegregorio@gmail.com,(0381) 5607289,Yerba Buena,Tucumán,-26.81671142578125,-65.27555084228516,Yerba Buena
